City|State short|State full|County|City alias|Latitude|Longitude
Millen|GA|Georgia|JENKINS|Perkins|32.8811429|-81.9270289
Montezuma|GA|Georgia|MACON|Montezuma|32.3051576|-84.0274072
Lenox|GA|Georgia|COOK|El Dorado|31.2715768|-83.4648845
Valdosta|GA|Georgia|LOWNDES|Dasher|30.7474278|-83.220704
Zebulon|GA|Georgia|PIKE|Zebulon|33.1023454|-84.3426997
Camilla|GA|Georgia|MITCHELL|Camilla|31.2312933|-84.21046109999999
Winston|GA|Georgia|DOUGLAS|Winston|33.727253|-84.8244225
Jekyll Island|GA|Georgia|GLYNN|Jekyll Island|31.07349189999999|-81.4114142
Irwinton|GA|Georgia|WILKINSON|Irwinton|32.8112594|-83.1726541
Cecil|GA|Georgia|COOK|Cecil|31.0454716|-83.3921031
Alma|GA|Georgia|BACON|Rockingham|31.5393701|-82.4623557
Allenhurst|GA|Georgia|LIBERTY|Allenhurst|31.7841014|-81.60761169999999
Grayson|GA|Georgia|GWINNETT|Grayson|33.8942729|-83.95573999999999
Bainbridge|GA|Georgia|DECATUR|West Bainbridge|30.9251879|-84.58324789999999
Kite|GA|Georgia|JOHNSON|Kite|32.6923836|-82.5145752
Midville|GA|Georgia|BURKE|Midville|32.8190456|-82.2348455
Palmetto|GA|Georgia|FULTON|Chattahoochee Hills|33.5178907|-84.66965479999999
Commerce|GA|Georgia|JACKSON|Baker-Taylor|34.2183232|-83.48311869999999
Putney|GA|Georgia|DOUGHERTY|Putney|31.4701766|-84.117684
Roopville|GA|Georgia|CARROLL|Ephesus|33.4565021|-85.1307779
Union Point|GA|Georgia|GREENE|Penfld|33.6154317|-83.0776247
Woodbine|GA|Georgia|CAMDEN|Woodbine|30.9638429|-81.7226063
Eatonton|GA|Georgia|PUTNAM|Eatonton|33.3267997|-83.3884961
Cedartown|GA|Georgia|POLK|Cedartown|34.0112715|-85.25658229999999
Tybee Island|GA|Georgia|CHATHAM|Tybee Island|32.0002152|-80.845666
Rising Fawn|GA|Georgia|DADE|Rising Fawn|34.7600791|-85.531076
Lincolnton|GA|Georgia|LINCOLN|Amity|33.6463399|-82.4783101
Peachtree City|GA|Georgia|FAYETTE|Peachtree Cty|33.3968557|-84.59634319999999
Waco|GA|Georgia|HARALSON|Waco|33.6888258|-85.18826880000002
Chestnut Mountain|GA|Georgia|HALL|Chestnut Mountain|34.1726039|-83.8379544
Warner Robins|GA|Georgia|HOUSTON|Robins A F B|32.6400014|-83.591719
Vidalia|GA|Georgia|TOOMBS|Vidalia|32.2176855|-82.4134614
Townsend|GA|Georgia|MCINTOSH|Shellman Blf|31.5833847|-81.3756224
Avera|GA|Georgia|JEFFERSON|Avera|33.1940354|-82.5270728
Omaha|GA|Georgia|STEWART|Omaha|32.1465241|-85.01335089999999
Fort Valley|GA|Georgia|PEACH|Fort Valley|32.5537585|-83.8874084
Fort Oglethorpe|GA|Georgia|CATOOSA|Rossville|34.9831309|-85.2860676
Atlanta|GA|Georgia|COBB|Atlanta|33.7489954|-84.3879824
Rossville|GA|Georgia|WALKER|Rossville|34.9831309|-85.2860676
Whitesburg|GA|Georgia|CARROLL|Whitesburg|33.4940017|-84.91382829999999
Bogart|GA|Georgia|OCONEE|Bogart|33.949281|-83.53460799999999
North Metro|GA|Georgia|GWINNETT|Duluth|33.9809214|-84.1525317
Ludowici|GA|Georgia|LONG|Bayview|31.7079919|-81.7423357
Matthews|GA|Georgia|JEFFERSON|Wrens|33.2076456|-82.391792
Stephens|GA|Georgia|OGLETHORPE|Stephens|33.794843|-83.1615422
Stone Mountain|GA|Georgia|DEKALB|Stone Mountain|33.8081608|-84.17019599999999
Morris|GA|Georgia|QUITMAN|Morris|31.7943293|-84.9463145
Menlo|GA|Georgia|CHATTOOGA|Cloudland|34.484808|-85.4763492
Atlanta|GA|Georgia|COBB|Vinings|33.8648262|-84.4643744
Atlanta|GA|Georgia|FULTON|Fort Mcpherson|33.7077085|-84.4356468
Blythe|GA|Georgia|RICHMOND|Ellwood|33.2926427|-82.2015103
Meridian|GA|Georgia|MCINTOSH|Meridian|31.45189|-81.3778777
Rockmart|GA|Georgia|POLK|Braswell|33.9996645|-85.0152825
Midland|GA|Georgia|MUSCOGEE|Midland|32.5752141|-84.8281267
Mount Berry|GA|Georgia|FLOYD|Rome|34.275093|-85.1832843
Waresboro|GA|Georgia|WARE|Waresboro|31.2479915|-82.47374800000001
Dacula|GA|Georgia|GWINNETT|Dacula|33.9887165|-83.8979573
Davisboro|GA|Georgia|WASHINGTON|Davisboro|32.97904250000001|-82.60790949999999
Axson|GA|Georgia|ATKINSON|Axson|31.2763162|-82.7343089
Atlanta|GA|Georgia|FULTON|North Highland Finance|33.8520311|-84.3662805
Buena Vista|GA|Georgia|MARION|Buena Vista|32.3190398|-84.51714109999999
Newnan|GA|Georgia|COWETA|Raymond|33.3387284|-84.7146546
Alma|GA|Georgia|BACON|Guysie|31.5393701|-82.4623557
Warner Robins|GA|Georgia|HOUSTON|Warner Robins|32.6130007|-83.624201
Glenwood|GA|Georgia|WHEELER|Glenwood|32.1799008|-82.6695802
Brooklet|GA|Georgia|BULLOCH|Mcgregor|32.37962940000001|-81.6631659
Duluth|GA|Georgia|FULTON|Johns Creek|34.0028786|-84.1446376
Atlanta|GA|Georgia|FULTON|Atlanta Ndc|33.8035058|-84.4771157
Manchester|GA|Georgia|MERIWETHER|Manchester|32.8598538|-84.6199251
Cotton|GA|Georgia|MITCHELL|Cotton|31.1615734|-84.0668445
Atlanta|GA|Georgia|FULTON|Avon|33.7224028|-84.4325236
Mount Zion|GA|Georgia|CARROLL|Mount Zion|33.6269098|-85.1792304
Brookfield|GA|Georgia|TIFT|Brookfield|31.4185227|-83.39099329999999
Murrayville|GA|Georgia|HALL|Murrayville|34.4187083|-83.9057392
Columbus|GA|Georgia|MUSCOGEE|Col|32.4609764|-84.9877094
Carrollton|GA|Georgia|CARROLL|University Of West Georgia|33.5735465|-85.1028302
Franklin Springs|GA|Georgia|FRANKLIN|Franklin Springs|34.28482839999999|-83.1443161
Barwick|GA|Georgia|BROOKS|Barwick|30.8901919|-83.7407217
Dry Branch|GA|Georgia|TWIGGS|Dry Branch|32.8006943|-83.4985112
Alamo|GA|Georgia|WHEELER|Alamo|32.1471202|-82.7779171
Macon|GA|Georgia|BIBB|Business Reply Mail|32.7853297|-83.67584599999999
Loganville|GA|Georgia|WALTON|Loganville|33.8389977|-83.90073819999999
Metter|GA|Georgia|CANDLER|Metter|32.397118|-82.0601195
Franklin|GA|Georgia|HEARD|Ctrlhatchee|33.3690045|-85.103554
Byron|GA|Georgia|PEACH|Byron|32.6537561|-83.7596295
Brunswick|GA|Georgia|GLYNN|Everett|31.3905013|-81.63871960000002
Atlanta|GA|Georgia|FULTON|Atlanta|33.7489954|-84.3879824
Ranger|GA|Georgia|GORDON|Ranger|34.5011995|-84.7096571
Martin|GA|Georgia|STEPHENS|Martin|34.4870458|-83.18487809999999
Cornelia|GA|Georgia|HABERSHAM|Cornelia|34.5114883|-83.5271166
Jenkinsburg|GA|Georgia|BUTTS|Jenkinsburg|33.3245628|-84.0357465
Grovetown|GA|Georgia|COLUMBIA|Grovetown|33.4504157|-82.1981764
Avondale Estates|GA|Georgia|DEKALB|Avondale Est|33.7756574|-84.2706359
Lincolnton|GA|Georgia|LINCOLN|Sybert|33.7923477|-82.479018
Austell|GA|Georgia|COBB|Austell|33.8126059|-84.6343783
Atlanta|GA|Georgia|FULTON|Industrial|33.7751975|-84.4018466
Thomasville|GA|Georgia|THOMAS|Gateway|30.8558191|-83.9472007
Fort Benning|GA|Georgia|MUSCOGEE|Camp Rogers|32.3467936|-84.8347751
Tybee Island|GA|Georgia|CHATHAM|Fort Screven|32.0210474|-80.84427699999999
Woodbury|GA|Georgia|MERIWETHER|Woodbury|32.9837394|-84.58270309999999
Springfield|GA|Georgia|EFFINGHAM|Stillwell|32.3642241|-81.30418
Edison|GA|Georgia|CALHOUN|Edison|31.5582271|-84.7382526
Jasper|GA|Georgia|PICKENS|Jasper|34.4695524|-84.4289888
Moultrie|GA|Georgia|COLQUITT|Riverside|31.1811122|-83.8058131
Lincolnton|GA|Georgia|LINCOLN|Loco|33.7222955|-82.5140631
Pembroke|GA|Georgia|BRYAN|Pembroke|32.1360332|-81.6220565
Dublin|GA|Georgia|LAURENS|Lollie|32.4799429|-82.9489242
Sautee Nacoochee|GA|Georgia|WHITE|Sautee Nacoochee|34.6839825|-83.67434999999999
Lookout Mountain|GA|Georgia|WALKER|Lookout Mountain|34.9775757|-85.35773630000001
Young Harris|GA|Georgia|TOWNS|Young Harris|34.9331453|-83.8471223
Marietta|GA|Georgia|COBB|Dobbins Air Force Base|33.9188582|-84.50464509999999
Hillsboro|GA|Georgia|JASPER|Round Oak|33.0986323|-83.7141846
Mitchell|GA|Georgia|GLASCOCK|Mitchell|33.2198688|-82.7031896
Duluth|GA|Georgia|GWINNETT|Berkeley Lake|33.983712|-84.18658479999999
Seville|GA|Georgia|WILCOX|Seville|31.9604535|-83.6010007
Tignall|GA|Georgia|WILKES|Tignall|33.8676229|-82.7412511
Adrian|GA|Georgia|EMANUEL|Adrian|32.5307224|-82.5892995
Chatsworth|GA|Georgia|MURRAY|Chatsworth|34.7659145|-84.7699385
Clyo|GA|Georgia|EFFINGHAM|Clyo|32.4840731|-81.2670507
Atlanta|GA|Georgia|FULTON|Suntrust|33.8010486|-84.4273017
Louisville|GA|Georgia|JEFFERSON|Louisville|33.0015407|-82.4112377
Dearing|GA|Georgia|MCDUFFIE|Dearing|33.41319470000001|-82.3851255
Smyrna|GA|Georgia|COBB|Smyrna|33.8839926|-84.51437609999999
Swainsboro|GA|Georgia|EMANUEL|Gary|32.5677973|-82.32593849999999
Maysville|GA|Georgia|BANKS|Maysville|34.2528839|-83.5615548
Mc Caysville|GA|Georgia|FANNIN|Mccaysville|34.9861914|-84.37131169999999
Perry|GA|Georgia|HOUSTON|Perry|32.4582065|-83.7315723
Dewy Rose|GA|Georgia|ELBERT|Dewy Rose|34.1698309|-82.95291979999999
White|GA|Georgia|BARTOW|White|34.2828722|-84.7452138
Good Hope|GA|Georgia|WALTON|Good Hope|33.7848398|-83.60905749999999
Hiram|GA|Georgia|PAULDING|Hiram|33.8756601|-84.7621592
Ellabell|GA|Georgia|BRYAN|Black Creek|32.1235367|-81.4856673
Newton|GA|Georgia|BAKER|Newton|31.3129575|-84.3357424
Woodland|GA|Georgia|TALBOT|Woodland|32.787356|-84.56186710000001
Townsend|GA|Georgia|MCINTOSH|Ashintilly|31.3831387|-81.4115623
Decatur|GA|Georgia|DEKALB|North Decatur|33.7748275|-84.2963123
Ellijay|GA|Georgia|GILMER|Ellijay|34.6948076|-84.4821498
Palmetto|GA|Georgia|FULTON|Palmetto|33.5178907|-84.66965479999999
Geneva|GA|Georgia|TALBOT|Geneva|32.579862|-84.5507559
Shannon|GA|Georgia|FLOYD|Shannon|34.3431937|-85.0783625
Mount Berry|GA|Georgia|FLOYD|Mount Berry|34.275093|-85.1832843
Waynesboro|GA|Georgia|BURKE|Shell Bluff|33.0898731|-82.0156736
Savannah|GA|Georgia|CHATHAM|Wilmington Is|32.0035477|-80.97372299999999
Surrency|GA|Georgia|APPLING|Surrency|31.7238139|-82.19790119999999
Social Circle|GA|Georgia|WALTON|Social Circle|33.656228|-83.718231
La Fayette|GA|Georgia|WALKER|La Fayette|34.7048022|-85.2818998
Manassas|GA|Georgia|TATTNALL|Manassas|32.1604689|-82.01956249999999
Hagan|GA|Georgia|EVANS|Hagan|32.1560257|-81.9337275
Colquitt|GA|Georgia|MILLER|Colquitt|31.17129349999999|-84.7332527
Hahira|GA|Georgia|LOWNDES|Hahira|30.9913064|-83.3726575
Whigham|GA|Georgia|GRADY|Whigham|30.8829681|-84.3237944
Atlanta|GA|Georgia|DEKALB|Winters Chapel|33.9366464|-84.26737920000001
Blakely|GA|Georgia|EARLY|Blakely|31.3776754|-84.93409199999999
Colbert|GA|Georgia|MADISON|Colbert|34.0378903|-83.2126517
Norcross|GA|Georgia|GWINNETT|Peachtree Corners|33.9412127|-84.2135309
Rock Spring|GA|Georgia|WALKER|Rock Spring|34.8242089|-85.24060879999999
Woodstock|GA|Georgia|CHEROKEE|Holly Springs|34.1366039|-84.50155749999999
Hawkinsville|GA|Georgia|PULASKI|Klondike|32.3510809|-83.6238928
Iron City|GA|Georgia|SEMINOLE|Iron City|31.0135189|-84.8129778
De Soto|GA|Georgia|SUMTER|De Soto|31.9536688|-84.0616709
Fargo|GA|Georgia|CLINCH|Fargo|30.6818841|-82.5665192
Cohutta|GA|Georgia|WHITFIELD|Cohutta|34.95952090000001|-84.95272349999999
Eatonton|GA|Georgia|PUTNAM|Haband|33.2998369|-83.374715
Clayton|GA|Georgia|RABUN|Clayton|34.8781479|-83.4009933
Sumner|GA|Georgia|WORTH|Sumner|31.512959|-83.7385063
Reidsville|GA|Georgia|TATTNALL|Georgia State Penitentiary|32.0036453|-82.1643447
Tunnel Hill|GA|Georgia|WHITFIELD|Tunnel Hill|34.8406339|-85.04272569999999
Atlanta|GA|Georgia|FULTON|Georgia Tech|33.7756178|-84.39628499999999
Macon|GA|Georgia|BIBB|Huber|32.704308|-83.5562927
Brunswick|GA|Georgia|GLYNN|Glynco|31.2224512|-81.5101023
Valdosta|GA|Georgia|LOWNDES|Remerton|30.8440899|-83.3104307
Pearson|GA|Georgia|ATKINSON|Pearson|31.297703|-82.8523668
Milledgeville|GA|Georgia|BALDWIN|Milledgeville|33.0801429|-83.2320991
Baconton|GA|Georgia|MITCHELL|Baconton|31.379623|-84.161017
Atlanta|GA|Georgia|DEKALB|Irs Service Center|33.7653316|-84.3870255
Harlem|GA|Georgia|COLUMBIA|Campania|33.4145834|-82.3126237
Villa Rica|GA|Georgia|CARROLL|Villa Rica|33.732052|-84.9191081
Decatur|GA|Georgia|DEKALB|Decatur|33.7748275|-84.2963123
Atlanta|GA|Georgia|FULTON|Mellon Bank|33.844659|-84.42669699999999
Jewell|GA|Georgia|WARREN|Jewell|33.2960436|-82.77733599999999
Buckhead|GA|Georgia|MORGAN|Buckhead|33.8372663|-84.406761
Pulaski|GA|Georgia|CANDLER|Pulaski|32.232644|-83.46435509999999
Ringgold|GA|Georgia|CATOOSA|Ringgold|34.9159099|-85.1091173
Riverdale|GA|Georgia|CLAYTON|Riverdale|33.6172144|-84.44595640000001
Cordele|GA|Georgia|CRISP|Cordele|31.9635074|-83.7823938
Morganton|GA|Georgia|FANNIN|Morganton|34.81130890000001|-84.1842841
Roberta|GA|Georgia|CRAWFORD|Roberta|32.7218072|-84.0132433
Berlin|GA|Georgia|COLQUITT|Berlin|31.069038|-83.6235004
Ambrose|GA|Georgia|COFFEE|Ambrose|31.5938031|-83.0143147
Atlanta|GA|Georgia|DEKALB|Doraville|33.8981579|-84.2832564
Commerce|GA|Georgia|BANKS|Commerce|34.203997|-83.4571057
Bellville|GA|Georgia|EVANS|Bellville|32.1524142|-81.97428390000002
Locust Grove|GA|Georgia|HENRY|Locust Grove|33.3459495|-84.109083
Lizella|GA|Georgia|BIBB|Lizella|32.8069216|-83.819985
Lithia Springs|GA|Georgia|DOUGLAS|Lithia Spgs|33.7939953|-84.6604899
Jeffersonville|GA|Georgia|TWIGGS|Jeffersonvlle|32.687646|-83.3465561
Franklin|GA|Georgia|HEARD|Franklin|33.2776182|-85.0979973
Morrow|GA|Georgia|CLAYTON|Lake City|33.6064989|-84.3352017
Ila|GA|Georgia|MADISON|Ila|34.1726093|-83.29209879999999
Warner Robins|GA|Georgia|HOUSTON|Robins AFB|32.6400014|-83.591719
Brooklet|GA|Georgia|BULLOCH|Hubert|32.37962940000001|-81.6631659
Milledgeville|GA|Georgia|BALDWIN|Central State Hospital|33.0468611|-83.2239458
Columbus|GA|Georgia|MUSCOGEE|Amer Fam Life Ins Brm|32.538567|-84.958896
Hoschton|GA|Georgia|JACKSON|Hoschton|34.096496|-83.7612839
Jesup|GA|Georgia|WAYNE|Mckinnon|31.42521799999999|-81.92678049999999
Reynolds|GA|Georgia|TAYLOR|Reynolds|32.5598685|-84.09630039999999
Broxton|GA|Georgia|COFFEE|Broxton|31.6251911|-82.88681129999999
Fort Benning|GA|Georgia|MUSCOGEE|Cols|32.3886715|-84.95531969999999
Haralson|GA|Georgia|COWETA|Haralson|33.2265099|-84.5713164
White Plains|GA|Georgia|GREENE|White Plains|33.4720779|-83.03542890000001
Millwood|GA|Georgia|WARE|Millwood|31.2657632|-82.66041899999999
Flowery Branch|GA|Georgia|HALL|Flowery Branch|34.1851017|-83.9251809
Tallulah Falls|GA|Georgia|RABUN|Tallulah Falls|34.7306498|-83.3943316
Norcross|GA|Georgia|GWINNETT|Berkeley Lake|33.983712|-84.18658479999999
Toccoa|GA|Georgia|STEPHENS|Toccoa|34.5773206|-83.3323851
Flintstone|GA|Georgia|WALKER|Flintstone|34.9417429|-85.34356919999999
Atlanta|GA|Georgia|FULTON|Bank America|33.7602157|-84.38708489999999
Midville|GA|Georgia|BURKE|Coleman Lake|32.8190456|-82.2348455
Lula|GA|Georgia|HALL|Lula|34.3876013|-83.66628539999999
Keysville|GA|Georgia|BURKE|Keysville|33.2337555|-82.23234440000002
Rex|GA|Georgia|CLAYTON|Rex|33.5912973|-84.2687012
Jesup|GA|Georgia|WAYNE|Federal Correctional Inst|31.5638286|-81.9024073
Cairo|GA|Georgia|GRADY|Karo|30.8774132|-84.2012897
Peachtree City|GA|Georgia|FAYETTE|Peachtree City|33.3968557|-84.59634319999999
Swainsboro|GA|Georgia|EMANUEL|Modoc|32.6140236|-82.3342365
Brooklet|GA|Georgia|BULLOCH|Ivanhoe|32.2603006|-81.5249856
Brooklet|GA|Georgia|BULLOCH|Arcola|32.2989688|-81.6219102
Rockledge|GA|Georgia|LAURENS|Rockledge|32.4429472|-82.6976361
Greensboro|GA|Georgia|GREENE|Reynolds Plantation|33.4551548|-83.2410975
Mc Caysville|GA|Georgia|FANNIN|Mc Caysville|34.9861914|-84.37131169999999
Union Point|GA|Georgia|GREENE|Woodville|33.6156831|-83.0745969
Vidalia|GA|Georgia|TOOMBS|Petross|32.1479638|-82.4667967
Fort Oglethorpe|GA|Georgia|CATOOSA|Ft Oglethorpe|34.9489645|-85.2569
Waleska|GA|Georgia|CHEROKEE|Waleska|34.3164826|-84.5521524
Richland|GA|Georgia|STEWART|Richland|32.0879342|-84.66742029999999
Summerville|GA|Georgia|CHATTOOGA|Summerville|34.480642|-85.3477343
Naylor|GA|Georgia|LOWNDES|Naylor|30.9089028|-83.0785702
Port Wentworth|GA|Georgia|CHATHAM|Port Wentwrth|32.149092|-81.163168
Nicholls|GA|Georgia|COFFEE|Wilsonville|31.5174219|-82.63486019999999
Duluth|GA|Georgia|GWINNETT|Duluth|34.0028786|-84.1446376
Townsend|GA|Georgia|MCINTOSH|Ridgeville|31.4063357|-81.4014894
Macon|GA|Georgia|BIBB|Payne|32.8520242|-83.6793467
Millen|GA|Georgia|JENKINS|Thrift|32.8040512|-81.9492812
Atlanta|GA|Georgia|FULTON|Atl|33.6407282|-84.4277001
Atlanta|GA|Georgia|FULTON|Hapeville|33.660109|-84.4102046
Danville|GA|Georgia|TWIGGS|Danville|32.6057103|-83.24543609999999
Cataula|GA|Georgia|HARRIS|Cataula|32.655414|-84.8685418
Attapulgus|GA|Georgia|DECATUR|Attapulgus|30.7490815|-84.4837998
Atlanta|GA|Georgia|DEKALB|North Springs|33.9450588|-84.35720069999999
Sandersville|GA|Georgia|WASHINGTON|Sandersville|32.9815431|-82.810138
Hazlehurst|GA|Georgia|JEFF DAVIS|Roper|31.8696309|-82.59430259999999
Lincolnton|GA|Georgia|LINCOLN|Honora|33.7923477|-82.479018
Jackson|GA|Georgia|BUTTS|Jackson|33.2945651|-83.96602089999999
Homer|GA|Georgia|BANKS|Homer|34.3337156|-83.499055
Lakeland|GA|Georgia|LANIER|Lakeland|31.0327465|-83.072755
Alpharetta|GA|Georgia|FULTON|Alpharetta|34.0753762|-84.2940899
Warthen|GA|Georgia|WASHINGTON|Warthen|33.1020949|-82.80374909999999
Blackshear|GA|Georgia|PIERCE|Blackshear|31.3060513|-82.2420661
Guyton|GA|Georgia|EFFINGHAM|Pineora|32.285888|-81.390096
Flovilla|GA|Georgia|BUTTS|Flovilla|33.253734|-83.89851709999999
Cedar Springs|GA|Georgia|EARLY|Cedar Springs|31.1837614|-85.0372144
Darien|GA|Georgia|MCINTOSH|Darien|31.3702255|-81.43399029999999
Buford|GA|Georgia|GWINNETT|Sugarhill|34.1064895|-84.0335197
Hawkinsville|GA|Georgia|PULASKI|Hayneville|32.2837731|-83.4721177
Pendergrass|GA|Georgia|JACKSON|Pendergrass|34.16232919999999|-83.6779473
Forest Park|GA|Georgia|CLAYTON|Forest Park|33.6220542|-84.36909179999999
Fortson|GA|Georgia|MUSCOGEE|Fortson|32.6070821|-84.9371542
Cadwell|GA|Georgia|LAURENS|Cadwell|32.339615|-83.04209159999999
Tallulah Falls|GA|Georgia|RABUN|Tallulah Fls|34.7335338|-83.3715276
Shady Dale|GA|Georgia|JASPER|Farrar|33.3998151|-83.5859334
Atlanta|GA|Georgia|FULTON|East Point|33.6795531|-84.43937240000001
Atlanta|GA|Georgia|DEKALB|Chamblee|33.8920468|-84.29881259999999
Acworth|GA|Georgia|COBB|Acworth|34.0659329|-84.6768796
Talking Rock|GA|Georgia|PICKENS|Talking Rock|34.5092562|-84.5049279
Valdosta|GA|Georgia|LOWNDES|Valdosta State College|30.8489491|-83.2892064
Alston|GA|Georgia|MONTGOMERY|Alston|32.080743|-82.4776303
Thomson|GA|Georgia|MCDUFFIE|Winfield|33.4706927|-82.50457329999999
Milan|GA|Georgia|DODGE|Milan|32.0115187|-83.062255
Covington|GA|Georgia|NEWTON|Walnut Grove|33.742612|-83.85240399999999
Nashville|GA|Georgia|BERRIEN|Nashville|31.1959016|-83.2521203
Wrens|GA|Georgia|JEFFERSON|Wrens|33.2076456|-82.391792
Ashburn|GA|Georgia|TURNER|Ashburn|31.7060134|-83.653224
Nahunta|GA|Georgia|BRANTLEY|Hickox|31.20439|-81.98122599999999
Yatesville|GA|Georgia|UPSON|Yatesville|32.9137438|-84.1426922
Loganville|GA|Georgia|WALTON|Walnut Grove|33.742612|-83.85240399999999
Riceboro|GA|Georgia|LIBERTY|South Newport|31.7354935|-81.4334408
Bowdon Junction|GA|Georgia|CARROLL|Bowdon Junction|33.6631637|-85.14689179999999
Marietta|GA|Georgia|COBB|Marietta|33.95260200000001|-84.5499327
Chula|GA|Georgia|TIFT|Chula|31.5496278|-83.54738750000001
Harlem|GA|Georgia|COLUMBIA|Berzelia|33.4145834|-82.3126237
Savannah|GA|Georgia|CHATHAM|Hunter Aaf|32.0257862|-81.13297779999999
Redan|GA|Georgia|DEKALB|Redan|33.7423178|-84.1593413
Hartwell|GA|Georgia|HART|Hartwell|34.3528825|-82.932087
Midville|GA|Georgia|BURKE|Greenway|32.7237488|-82.2000753
Hinesville|GA|Georgia|LIBERTY|Fort Stewart|31.8690667|-81.6089873
Waverly|GA|Georgia|CAMDEN|Hickory Bluff|31.0947092|-81.7245535
Rabun Gap|GA|Georgia|RABUN|Rabun Gap|34.9464937|-83.42995619999999
Atlanta|GA|Georgia|FULTON|Tuxedo|33.8464013|-84.36169679999999
Roswell|GA|Georgia|FULTON|Roswell|34.0232431|-84.3615555
Washington|GA|Georgia|WILKES|Washington|33.7367948|-82.7393089
Stockbridge|GA|Georgia|HENRY|Stockbridge|33.5442781|-84.23380929999999
Jonesboro|GA|Georgia|CLAYTON|Jonesboro|33.5215013|-84.3538128
Matthews|GA|Georgia|JEFFERSON|Matthews|33.2109785|-82.3076238
Ludowici|GA|Georgia|LONG|Ludowici|31.7079919|-81.7423357
Eastanollee|GA|Georgia|STEPHENS|Eastanollee|34.520378|-83.2554372
Jefferson|GA|Georgia|JACKSON|Jefferson|34.1170537|-83.5723876
Mcdonough|GA|Georgia|HENRY|Mc Donough|33.4473361|-84.1468616
Norcross|GA|Georgia|GWINNETT|Parkway|33.9350426|-84.184631
Crawfordville|GA|Georgia|TALIAFERRO|Crawfordville|33.5540209|-82.8959785
Waverly Hall|GA|Georgia|HARRIS|Waverly Hall|32.683469|-84.7382609
Hinesville|GA|Georgia|LIBERTY|Hinesville|31.846877|-81.5959453
Wadley|GA|Georgia|JEFFERSON|Moxley|32.9268239|-82.419609
Eastman|GA|Georgia|DODGE|Plainfield|32.1976729|-83.1776514
Swainsboro|GA|Georgia|EMANUEL|Dellwood|32.5973856|-82.33373759999999
Bloomingdale|GA|Georgia|CHATHAM|Bloomingdale|32.1324248|-81.2990018
Gordon|GA|Georgia|WILKINSON|Stevens Pottery|32.9668022|-83.2988295
Sautee Nacoochee|GA|Georgia|WHITE|Saute Nacoche|34.6839825|-83.67434999999999
Shady Dale|GA|Georgia|JASPER|Shady Dale|33.4006823|-83.5901713
Cartersville|GA|Georgia|BARTOW|Cartersville|34.1650972|-84.7999382
Pineview|GA|Georgia|WILCOX|Pineview|32.1101702|-83.501003
Jekyll Island|GA|Georgia|GLYNN|Brunswick|31.07349189999999|-81.4114142
Esom Hill|GA|Georgia|POLK|Esom Hill|33.9489901|-85.3877329
Rochelle|GA|Georgia|WILCOX|Rochelle|31.9510105|-83.4562744
Mc Intyre|GA|Georgia|WILKINSON|Mc Intyre|32.840368|-83.1776046
Saint Simons Island|GA|Georgia|GLYNN|St Simons Is|31.1595905|-81.3885517
Cochran|GA|Georgia|BLECKLEY|Empire|32.3868278|-83.35460979999999
Scotland|GA|Georgia|TELFAIR|Scotland|55.8277389|-4.2139345
Cusseta|GA|Georgia|CHATTAHOOCHEE|Cusseta|32.3061354|-84.77704849999999
Brooklet|GA|Georgia|BULLOCH|Brooklet|32.37962940000001|-81.6631659
Baxley|GA|Georgia|APPLING|Baxley|31.7782514|-82.3484618
Savannah|GA|Georgia|CHATHAM|Thunderbolt|32.0335445|-81.04983419999999
Warm Springs|GA|Georgia|MERIWETHER|Warm Springs|32.8904081|-84.6810381
Gordon|GA|Georgia|WILKINSON|Ivey|32.9070875|-83.2907147
Portal|GA|Georgia|BULLOCH|Aaron|32.5286094|-81.92428749999999
Buford|GA|Georgia|GWINNETT|Rest Haven|34.1331569|-83.97657219999999
Greenville|GA|Georgia|MERIWETHER|Greenville|33.048056|-84.7097927
Concord|GA|Georgia|PIKE|Concord|33.0912359|-84.4374232
Hortense|GA|Georgia|BRANTLEY|Hortense|31.3366088|-81.9562253
Coleman|GA|Georgia|RANDOLPH|Coleman|31.6729444|-84.8890905
Atlanta|GA|Georgia|FULTON|Sandy Springs|33.9304352|-84.3733147
Davisboro|GA|Georgia|WASHINGTON|Riddleville|32.9068227|-82.66568939999999
Cumming|GA|Georgia|FORSYTH|Cumming|34.2073196|-84.14019259999999
High Shoals|GA|Georgia|OCONEE|High Shoals|33.8206001|-83.50597499999999
Thomaston|GA|Georgia|UPSON|Thomaston|32.8881879|-84.3265854
Kingsland|GA|Georgia|CAMDEN|Kingsland|30.7999563|-81.68982609999999
Portal|GA|Georgia|BULLOCH|Portal|32.538222|-81.93233839999999
Gracewood|GA|Georgia|RICHMOND|Gracewood|33.3662417|-82.0211313
Donalsonville|GA|Georgia|SEMINOLE|Dville|31.0404625|-84.87909110000001
Thomson|GA|Georgia|MCDUFFIE|Thomson|33.4706927|-82.50457329999999
Dawsonville|GA|Georgia|DAWSON|Dawsonville|34.4212052|-84.1190804
Gainesville|GA|Georgia|HALL|Gainesville|34.2978794|-83.8240663
Pine Mountain Valley|GA|Georgia|HARRIS|Pine Mtn Valy|32.8648522|-84.8540982
Stone Mountain|GA|Georgia|DEKALB|Stone Mtn|33.8081608|-84.17019599999999
Warrenton|GA|Georgia|WARREN|Norris|33.40708370000001|-82.6620781
Wrightsville|GA|Georgia|JOHNSON|Wrightsville|32.7293279|-82.719859
Girard|GA|Georgia|BURKE|Girard|33.04043230000001|-81.71205669999999
Tifton|GA|Georgia|TIFT|Abraham Baldwin College|31.483078|-83.53016649999999
Saint Simons Island|GA|Georgia|GLYNN|St Simons Island|31.1595905|-81.3885517
Wiley|GA|Georgia|RABUN|Wiley|34.7820378|-83.4162755
Hoboken|GA|Georgia|BRANTLEY|Hoboken|31.1810559|-82.1348416
Gordon|GA|Georgia|WILKINSON|Gordon|32.8820866|-83.3323848
Morrow|GA|Georgia|CLAYTON|Morrow|33.5831662|-84.33936829999999
Valdosta|GA|Georgia|LOWNDES|Clyattville|30.691594|-83.3151501
Atlanta|GA|Georgia|FULTON|Wells Fargo|33.7543109|-84.38976740000001
Newington|GA|Georgia|SCREVEN|Newington|32.5901748|-81.503996
Canton|GA|Georgia|CHEROKEE|Canton|34.2367621|-84.4907621
Dawson|GA|Georgia|TERRELL|Dawson|31.7735001|-84.4465826
Braselton|GA|Georgia|JACKSON|Braselton|34.1092735|-83.7626729
Rebecca|GA|Georgia|TURNER|Rebecca|31.8065688|-83.4868295
Union Point|GA|Georgia|GREENE|Penfield|33.6156831|-83.0745969
Baxley|GA|Georgia|APPLING|Pine Grove|31.8132474|-82.4473538
Perkins|GA|Georgia|JENKINS|Perkins|32.9092808|-81.9532346
Donalsonville|GA|Georgia|SEMINOLE|Donalsonville|31.0404625|-84.87909110000001
Redan|GA|Georgia|DEKALB|Lithonia|33.7123305|-84.1051939
Eton|GA|Georgia|MURRAY|Eton|34.82508|-84.763272
Sycamore|GA|Georgia|TURNER|Sycamore|31.6743474|-83.63739029999999
Hazlehurst|GA|Georgia|JEFF DAVIS|Hazlehurst|31.8696309|-82.59430259999999
Taylorsville|GA|Georgia|BARTOW|Taylorsville|34.0862094|-84.98744490000001
Twin City|GA|Georgia|EMANUEL|Twin City|32.5829413|-82.15512190000001
Howard|GA|Georgia|TAYLOR|Howard|32.5960761|-84.38431419999999
Boneville|GA|Georgia|MCDUFFIE|Boneville|33.458546|-82.42324669999999
Pooler|GA|Georgia|CHATHAM|Pooler|32.115481|-81.2470574
Athens|GA|Georgia|CLARKE|Athens|33.9519347|-83.357567
Garfield|GA|Georgia|EMANUEL|Garfield|32.649885|-82.09817500000001
Musella|GA|Georgia|CRAWFORD|Musella|32.7991749|-84.0314855
Brunswick|GA|Georgia|GLYNN|Brunswick|31.1499528|-81.49148939999999
Lyons|GA|Georgia|TOOMBS|Lyons|32.2043546|-82.32179099999999
Fort Gaines|GA|Georgia|CLAY|Fort Gaines|31.6090569|-85.0471505
Stone Mountain|GA|Georgia|DEKALB|St Mtn|33.8081608|-84.17019599999999
Broxton|GA|Georgia|COFFEE|Lotts|31.5947268|-82.8803157
Turnerville|GA|Georgia|HABERSHAM|Turnerville|34.6867621|-83.4259998
Columbus|GA|Georgia|MUSCOGEE|Columbus|32.4609764|-84.9877094
Clinchfield|GA|Georgia|HOUSTON|Clinchfield|32.4134862|-83.6382363
Atlanta|GA|Georgia|DEKALB|Sandy Spgs|33.9304352|-84.3733147
Jefferson|GA|Georgia|JACKSON|Arcade|34.0778881|-83.5615536
Decatur|GA|Georgia|DEKALB|Belvedere|33.7748275|-84.2963123
Lyons|GA|Georgia|TOOMBS|Cedar Crossing|31.9718094|-82.3642988
Augusta|GA|Georgia|COLUMBIA|Martinez|33.5173577|-82.0756734
Norristown|GA|Georgia|EMANUEL|Norristown|32.5068347|-82.49429649999999
Denton|GA|Georgia|JEFF DAVIS|Denton|31.7227688|-82.6972576
Newnan|GA|Georgia|COWETA|Newnan|33.3806716|-84.79965729999999
Statham|GA|Georgia|BARROW|Statham|33.9651127|-83.596555
Bishop|GA|Georgia|OCONEE|Bishop|33.8226901|-83.4386516
Decatur|GA|Georgia|DEKALB|Dunaire|33.7810523|-84.2283154
Buchanan|GA|Georgia|HARALSON|Buchanan|33.7999252|-85.1735164
Sapelo Island|GA|Georgia|MCINTOSH|Sapelo Island|31.4764158|-81.2408689
Suwanee|GA|Georgia|GWINNETT|Suwanee|34.0514898|-84.0712997
Sea Island|GA|Georgia|GLYNN|Sea Island|31.2017278|-81.33169029999999
Savannah|GA|Georgia|CHATHAM|Vernonburg|31.9657681|-81.12011059999999
Griffin|GA|Georgia|SPALDING|Griffin|33.2467807|-84.2640904
Nicholls|GA|Georgia|COFFEE|Sessoms|31.5200063|-82.6380839
Alpharetta|GA|Georgia|FULTON|Milton|34.0753762|-84.2940899
Ocilla|GA|Georgia|IRWIN|Ocilla|31.5943567|-83.2504328
Box Springs|GA|Georgia|TALBOT|Juniper|32.5326403|-84.6610372
Saint Simons Island|GA|Georgia|GLYNN|Saint Simons Is|31.1595905|-81.3885517
Atlanta|GA|Georgia|FULTON|Atlanta Postal Credit Union|33.6518728|-84.39214760000002
Evans|GA|Georgia|COLUMBIA|Evans|33.5337464|-82.1306747
Monticello|GA|Georgia|JASPER|Monticello|33.3048479|-83.6832289
Enigma|GA|Georgia|BERRIEN|Enigma|31.4129695|-83.3290468
Pitts|GA|Georgia|WILCOX|Pitts|31.9446209|-83.5407214
Upatoi|GA|Georgia|MUSCOGEE|Columbus|32.5483817|-84.7400195
Ailey|GA|Georgia|MONTGOMERY|Higgston|32.1874042|-82.5656886
Brunswick|GA|Georgia|GLYNN|Fed Law Enforcement Trng Ctr|31.2283686|-81.46284229999999
Nicholls|GA|Georgia|COFFEE|Nicholls|31.5174219|-82.63486019999999
Clarkesville|GA|Georgia|HABERSHAM|Clarkesville|34.6125971|-83.5248933
Plains|GA|Georgia|SUMTER|Plains|32.0340508|-84.3926912
Juliette|GA|Georgia|MONROE|Juliette|33.1073521|-83.8001802
Bainbridge|GA|Georgia|DECATUR|Bainbridge|30.9037995|-84.57546990000002
Douglasville|GA|Georgia|DOUGLAS|Douglasville|33.7514966|-84.7477136
Du Pont|GA|Georgia|CLINCH|Du Pont|30.9885419|-82.87153049999999
Lagrange|GA|Georgia|TROUP|Lagrange|33.0362218|-85.0322444
Hawkinsville|GA|Georgia|PULASKI|Grovania|32.2837731|-83.4721177
Millen|GA|Georgia|JENKINS|Scarboro|32.8040512|-81.9492812
Statesboro|GA|Georgia|BULLOCH|Statesboro|32.4487876|-81.7831674
Peachtree City|GA|Georgia|FAYETTE|Peachtree City Parcel Return|33.368494|-84.57414299999999
Warner Robins|GA|Georgia|HOUSTON|South Base|32.596254|-83.59300139999999
Maxeys|GA|Georgia|OGLETHORPE|Maxeys|33.7542889|-83.1734874
Rockmart|GA|Georgia|POLK|Rockmart|34.0026005|-85.0416133
Oakman|GA|Georgia|GORDON|Oakman|34.5664755|-84.7082685
Atlanta|GA|Georgia|COBB|Sandy Springs|33.9304352|-84.3733147
Patterson|GA|Georgia|PIERCE|Patterson|31.3874383|-82.1401193
Tarrytown|GA|Georgia|MONTGOMERY|Tarrytown|32.3187886|-82.5592992
Swainsboro|GA|Georgia|EMANUEL|Blun|32.7098014|-82.3182916
Marietta|GA|Georgia|COBB|Mar|33.935461|-84.50358
Marshallville|GA|Georgia|MACON|Marshallville|32.4562623|-83.9401857
Fort Stewart|GA|Georgia|LIBERTY|Ft Stewart|31.8690667|-81.6089873
Union Point|GA|Georgia|GREENE|Union Point|33.6156831|-83.0745969
Ty Ty|GA|Georgia|TIFT|Tyty|31.4718497|-83.6468362
Tifton|GA|Georgia|TIFT|Tifton|31.4504629|-83.5084973
Screven|GA|Georgia|WAYNE|Screven|31.48632539999999|-82.0170596
East Dublin|GA|Georgia|LAURENS|E Dublin|32.548222|-82.87180839999999
Blairsville|GA|Georgia|UNION|Blairsville|34.8761989|-83.95824119999999
Mitchell|GA|Georgia|GLASCOCK|Shoals|33.2486031|-82.806486
Hardwick|GA|Georgia|BALDWIN|Hardwick|33.0480193|-83.2452478
White Oak|GA|Georgia|CAMDEN|White Oak|31.0314302|-81.73050429999999
Milledgeville|GA|Georgia|BALDWIN|Mville|33.0801429|-83.2320991
Fort Stewart|GA|Georgia|LIBERTY|Fort Stewart|31.8690667|-81.6089873
Dover|GA|Georgia|SCREVEN|Dover|32.5771168|-81.71511029999999
Albany|GA|Georgia|DOUGHERTY|Radium Springs|31.5262863|-84.1354626
Georgetown|GA|Georgia|QUITMAN|Georgetown|31.884605|-85.1074308
Savannah|GA|Georgia|CHATHAM|Savannah|32.0808989|-81.091203
Pembroke|GA|Georgia|BRYAN|Nevils|32.1360332|-81.6220565
Townsend|GA|Georgia|MCINTOSH|Cox|31.5322647|-81.60356730000001
Waycross|GA|Georgia|WARE|Okefenokee|30.6668928|-82.3331791
Sandersville|GA|Georgia|WASHINGTON|Deepstep|33.0182075|-82.96903329999999
Brooks|GA|Georgia|FAYETTE|Brooks|33.2909517|-84.45936999999999
Saint Simons Island|GA|Georgia|GLYNN|Brunswick|31.1595905|-81.3885517
Savannah|GA|Georgia|CHATHAM|Garden Cty|32.1143715|-81.15400129999999
Helena|GA|Georgia|TELFAIR|Helena|32.0737872|-82.9145884
Jesup|GA|Georgia|WAYNE|Doctortown|31.6535475|-81.82928090000001
Forsyth|GA|Georgia|MONROE|Forsyth|33.0344341|-83.9383173
Harrison|GA|Georgia|WASHINGTON|Harrison|32.8262697|-82.7251364
Statenville|GA|Georgia|ECHOLS|Statenville|30.7034299|-83.02806129999999
Appling|GA|Georgia|COLUMBIA|Pollards Corner|33.54609000000001|-82.3163154
Norman Park|GA|Georgia|COLQUITT|Norman Park|31.26907409999999|-83.6871168
Ellijay|GA|Georgia|GILMER|East Ellijay|34.6948076|-84.4821498
Cisco|GA|Georgia|MURRAY|Cisco|34.9511887|-84.73632719999999
Albany|GA|Georgia|DOUGHERTY|Marine Corps Logistics Base|31.550765|-84.063847
Athens|GA|Georgia|CLARKE|Navy Supply Corps School|41.5098717|-71.3268287
Sea Island|GA|Georgia|GLYNN|Brunswick|31.2017278|-81.33169029999999
Columbus|GA|Georgia|MUSCOGEE|At&t Universal Card Service|32.5133971|-84.9679191
Acworth|GA|Georgia|COBB|Oak Grove|34.0920432|-84.6152113
Leary|GA|Georgia|CALHOUN|Leary|31.4857308|-84.5138017
Silver Creek|GA|Georgia|FLOYD|Silver Creek|34.1752778|-85.1609264
Offerman|GA|Georgia|PIERCE|Offerman|31.40966|-82.111785
Roswell|GA|Georgia|FULTON|Sandy Plains|34.0268599|-84.4744479
Manor|GA|Georgia|WARE|Manor|31.1038242|-82.57319389999999
Acworth|GA|Georgia|CHEROKEE|Acworth|34.0659329|-84.6768796
Abbeville|GA|Georgia|WILCOX|Abbeville|31.9921223|-83.3068243
Brooklet|GA|Georgia|BULLOCH|Stilson|32.37962940000001|-81.6631659
Nicholls|GA|Georgia|COFFEE|Chatterton|31.5192147|-82.637587
Moreland|GA|Georgia|COWETA|Moreland|33.2867851|-84.7677111
Porterdale|GA|Georgia|NEWTON|Porterdale|33.5751146|-83.8937954
Cartersville|GA|Georgia|BARTOW|Euharlee|34.1448193|-84.93299859999999
Marble Hill|GA|Georgia|PICKENS|Marble Hill|34.4305836|-84.33754479999999
Brinson|GA|Georgia|DECATUR|Brinson|30.97685319999999|-84.7376974
Glennville|GA|Georgia|TATTNALL|Mendes|31.996582|-81.9829469
Bowdon|GA|Georgia|CARROLL|Bowdon|33.5378885|-85.2532818
Marietta|GA|Georgia|COBB|Lockheed|33.9326147|-84.5343963
Brunswick|GA|Georgia|GLYNN|Sears|31.2157612|-81.489267
Leesburg|GA|Georgia|LEE|Leesburg|31.7321156|-84.1707423
Warrenton|GA|Georgia|WARREN|Reese|33.3413031|-82.5432355
Ailey|GA|Georgia|MONTGOMERY|Mcgregor|32.1874042|-82.5656886
Molena|GA|Georgia|PIKE|Molena|33.0120724|-84.5002013
Rhine|GA|Georgia|DODGE|Rhine|31.98962289999999|-83.2001537
Rayle|GA|Georgia|WILKES|Philomath|33.7851427|-82.9088775
Butler|GA|Georgia|TAYLOR|Butler|32.5570898|-84.2382482
Trenton|GA|Georgia|DADE|Trenton|34.8720222|-85.50913000000001
Rayle|GA|Georgia|WILKES|Rayle|33.7898457|-82.89986859999999
Statesboro|GA|Georgia|BULLOCH|Ga Southern University|32.42054890000001|-81.78653469999999
Haddock|GA|Georgia|JONES|Haddock|33.0326378|-83.4290537
Mesena|GA|Georgia|WARREN|Mesena|33.4598596|-82.5901317
Atlanta|GA|Georgia|COBB|Overlook Sru|33.8679234|-84.4700005
Ty Ty|GA|Georgia|TIFT|Ty Ty|31.4718497|-83.6468362
Lookout Mountain|GA|Georgia|WALKER|Lookout Mtn|34.9766977|-85.3589918
Saint Marys|GA|Georgia|CAMDEN|Saint Marys|30.7478954|-81.57061089999999
Arabi|GA|Georgia|CRISP|Arabi|31.8315661|-83.73794869999999
Hull|GA|Georgia|MADISON|Hull|34.0148352|-83.2937659
Folkston|GA|Georgia|CHARLTON|Folkston|30.8305102|-82.0098375
Arlington|GA|Georgia|CALHOUN|Arlington|31.4350973|-84.7225603
Clermont|GA|Georgia|HALL|Clermont|34.4778752|-83.7735148
Mansfield|GA|Georgia|NEWTON|Mansfield|33.5178968|-83.73434429999999
Pine Mountain Valley|GA|Georgia|HARRIS|Pine Mountain Valley|32.7987431|-84.82326340000002
Dudley|GA|Georgia|LAURENS|Dudley|32.5423872|-83.07042729999999
Norwood|GA|Georgia|WARREN|Cadley|33.467956|-82.7035664
Madison|GA|Georgia|MORGAN|Madison|33.558841|-83.4746491
Dahlonega|GA|Georgia|LUMPKIN|North Georgia College|34.5278618|-83.9844416
Emerson|GA|Georgia|BARTOW|Emerson|34.1270426|-84.7554925
Athens|GA|Georgia|CLARKE|University Of Georgia|33.9480053|-83.3773221
Union City|GA|Georgia|FULTON|Union City|33.5870558|-84.5424299
Louvale|GA|Georgia|STEWART|Louvale|32.1751531|-84.8252025
Dillard|GA|Georgia|RABUN|Dillard|34.9700911|-83.3871006
Willacoochee|GA|Georgia|ATKINSON|Willacoochee|31.3407551|-83.0459826
Moultrie|GA|Georgia|COLQUITT|Moultrie|31.1799407|-83.7888387
Swainsboro|GA|Georgia|EMANUEL|Wesley|32.4849965|-82.3122502
Odum|GA|Georgia|WAYNE|Odum|31.6660432|-82.027895
Atlanta|GA|Georgia|COBB|Cumberland|33.88946749999999|-84.4540213
Coosa|GA|Georgia|FLOYD|Coosa|34.2545377|-85.3544002
Swainsboro|GA|Georgia|EMANUEL|Swainsboro|32.5973856|-82.33373759999999
Helen|GA|Georgia|WHITE|Helen|34.7014839|-83.7315675
ABAC|GA|Georgia|TIFT|Abac|31.483078|-83.53016649999999
Jonesboro|GA|Georgia|CLAYTON|Lake Spivey|33.5153675|-84.2844961
Midway|GA|Georgia|LIBERTY|Midway|31.805769|-81.4306642
East Dublin|GA|Georgia|LAURENS|Dublin|32.548222|-82.87180839999999
Monroe|GA|Georgia|WALTON|Monroe|33.7948364|-83.713229
Lincolnton|GA|Georgia|LINCOLN|Lincolnton|33.7923477|-82.479018
Atlanta|GA|Georgia|COBB|Atl|33.6407282|-84.4277001
Cartersville|GA|Georgia|BARTOW|North Corners|34.1980343|-84.79121239999999
Norcross|GA|Georgia|GWINNETT|Norcross|33.9412127|-84.2135309
Franklin Springs|GA|Georgia|FRANKLIN|Franklin Spgs|34.2851044|-83.1187179
Ailey|GA|Georgia|MONTGOMERY|Ailey|32.1874042|-82.5656886
Unadilla|GA|Georgia|DOOLY|Unadilla|32.2615496|-83.73656559999999
Atlanta|GA|Georgia|FULTON|College Park|33.6534427|-84.4493725
Centerville|GA|Georgia|HOUSTON|Centerville|32.630145|-83.6896285
Stone Mountain|GA|Georgia|DEKALB|Smoke Rise|33.8081608|-84.17019599999999
Lenox|GA|Georgia|COOK|Lenox|31.2715768|-83.4648845
Stockton|GA|Georgia|LANIER|Stockton|30.9393746|-82.99958699999999
Toomsboro|GA|Georgia|WILKINSON|Toomsboro|32.8268192|-83.07931599999999
Atlanta|GA|Georgia|FULTON|Sandy Spgs|33.9304352|-84.3733147
Warner Robins|GA|Georgia|HOUSTON|Centerville|32.630145|-83.6896285
Macon|GA|Georgia|BIBB|Payne City|32.8520242|-83.6793467
Pelham|GA|Georgia|MITCHELL|Pelham|31.1276849|-84.1518466
Sylvania|GA|Georgia|SCREVEN|Hiltonia|32.8836821|-81.6612715
Atlanta|GA|Georgia|DEKALB|Northlake|33.849612|-84.2515861
Sparks|GA|Georgia|COOK|Sparks|31.1668572|-83.43738309999999
Columbus|GA|Georgia|MUSCOGEE|Columbus Brm|32.4609764|-84.9877094
Preston|GA|Georgia|WEBSTER|Preston|32.0659918|-84.537417
Chestnut Mountain|GA|Georgia|HALL|Oakwood|34.227602|-83.8843455
Fort Benning|GA|Georgia|MUSCOGEE|Fort Benning|32.3912672|-84.82290739999999
Mc Caysville|GA|Georgia|FANNIN|Fry|34.9876294|-84.3954483
Royston|GA|Georgia|FRANKLIN|Royston|34.2870503|-83.11014829999999
Hawkinsville|GA|Georgia|PULASKI|Hville|32.2837731|-83.4721177
Lincolnton|GA|Georgia|LINCOLN|New Hope|33.751842|-82.387869
Fort Stewart|GA|Georgia|LIBERTY|Hinesville|31.8690667|-81.6089873
Reidsville|GA|Georgia|TATTNALL|Reidsville|32.0868611|-82.1178978
Sautee Nacoochee|GA|Georgia|WHITE|Saute-Nacoche|34.6839825|-83.67434999999999
Camak|GA|Georgia|WARREN|Camak|33.4534709|-82.6459668
Orchard Hill|GA|Georgia|SPALDING|Orchard Hill|33.1865071|-84.2113095
Oliver|GA|Georgia|SCREVEN|Oliver|32.5215666|-81.533163
Woodstock|GA|Georgia|CHEROKEE|Woodstock|34.1014873|-84.5193754
Wadley|GA|Georgia|JEFFERSON|Wadley|32.8668223|-82.4040162
Clarkdale|GA|Georgia|COBB|Clarkdale|33.831067|-84.64971100000001
Elko|GA|Georgia|HOUSTON|Elko|32.3561031|-83.7113031
Fairburn|GA|Georgia|FULTON|Fairburn|33.5670562|-84.5810418
Jesup|GA|Georgia|WAYNE|Madray Springs|31.7340986|-81.9787278
Cochran|GA|Georgia|BLECKLEY|Cochran|32.3868278|-83.35460979999999
Shiloh|GA|Georgia|HARRIS|Shiloh|32.8101325|-84.6960378
Argyle|GA|Georgia|CLINCH|Argyle|31.0741004|-82.64847259999999
Meigs|GA|Georgia|THOMAS|Hinsonton|31.0724085|-84.0890659
Wray|GA|Georgia|IRWIN|Wray|31.6224128|-83.0548714
Cobb|GA|Georgia|SUMTER|Cobb|33.8999297|-84.56414699999999
Carlton|GA|Georgia|MADISON|Carlton|34.0431675|-83.0337558
Chester|GA|Georgia|DODGE|Chester|32.3937787|-83.15292989999999
Alapaha|GA|Georgia|BERRIEN|Alapaha|31.3851954|-83.2229323
Carnesville|GA|Georgia|FRANKLIN|Carnesville|34.3698266|-83.23515499999999
Denton|GA|Georgia|JEFF DAVIS|Snipesville|31.7226881|-82.6937513
Avondale Estates|GA|Georgia|DEKALB|Avondale Estates|33.7714939|-84.26714439999999
Waverly|GA|Georgia|CAMDEN|Spring Bluff|31.0947092|-81.7245535
Ball Ground|GA|Georgia|CHEROKEE|Ball Ground|34.3372664|-84.3779515
Decatur|GA|Georgia|DEKALB|Snapfinger|33.6649442|-84.19674839999999
Omega|GA|Georgia|TIFT|Omega|31.3410184|-83.5935011
Macon|GA|Georgia|BIBB|Geico Claims|32.809475|-83.5707144
Broxton|GA|Georgia|COFFEE|Pridgen|31.6251911|-82.88681129999999
Ellerslie|GA|Georgia|HARRIS|Ellerslie|32.6315258|-84.8013182
Turin|GA|Georgia|COWETA|Turin|33.3259053|-84.6372552
Ray City|GA|Georgia|BERRIEN|Ray City|31.0746445|-83.1993186
Demorest|GA|Georgia|HABERSHAM|Demorest|34.565098|-83.5451724
Dublin|GA|Georgia|LAURENS|Dublin|32.5404447|-82.90375399999999
Poulan|GA|Georgia|WORTH|Poulan|31.5129582|-83.78767479999999
Atlanta|GA|Georgia|FULTON|Dunwoody|33.9462125|-84.3346473
Montezuma|GA|Georgia|MACON|Dooling|32.2304391|-83.927959
Alto|GA|Georgia|HABERSHAM|Alto|34.4673222|-83.5737843
Savannah|GA|Georgia|CHATHAM|Garden City|32.1143715|-81.15400129999999
Waynesville|GA|Georgia|BRANTLEY|Waynesville|31.2101616|-81.8040027
Unadilla|GA|Georgia|DOOLY|Unidilla|32.2615496|-83.73656559999999
Jasper|GA|Georgia|PICKENS|Big Canoe|34.4695524|-84.4289888
Register|GA|Georgia|BULLOCH|Register|32.3671237|-81.88400390000001
Lawrenceville|GA|Georgia|GWINNETT|Lawrenceville|33.9562149|-83.9879625
Rutledge|GA|Georgia|MORGAN|Rutledge|33.6259545|-83.6123935
Fayetteville|GA|Georgia|FAYETTE|Woolsey|33.3623381|-84.4121473
Rincon|GA|Georgia|EFFINGHAM|Rincon|32.2947732|-81.2353612
West Green|GA|Georgia|COFFEE|West Green|31.6129701|-82.73458509999999
Bluffton|GA|Georgia|CLAY|Bluffton|31.5229496|-84.8677008
Farmington|GA|Georgia|OCONEE|Farmington|33.7756061|-83.424011
Savannah|GA|Georgia|CHATHAM|State College|32.024159|-81.064413
Marble Hill|GA|Georgia|PICKENS|Marblehill|34.4305836|-84.33754479999999
Atlanta|GA|Georgia|DEKALB|Briarcliff|33.816771|-84.3132574
Mauk|GA|Georgia|MARION|Mauk|32.5018107|-84.4210305
Montrose|GA|Georgia|LAURENS|Montrose|32.5596055|-83.1532091
Riceboro|GA|Georgia|LIBERTY|Retreat|31.7029945|-81.41399500000001
Cobbtown|GA|Georgia|TATTNALL|Cobbtown|32.2804623|-82.138731
Lyerly|GA|Georgia|CHATTOOGA|Lyerly|34.4039775|-85.40329109999999
Adel|GA|Georgia|COOK|Adel|31.1371358|-83.4234936
Byron|GA|Georgia|PEACH|Powersville|32.6537561|-83.7596295
Grantville|GA|Georgia|COWETA|Grantville|33.2348419|-84.8357678
Snellville|GA|Georgia|GWINNETT|Snellville|33.857328|-84.0199108
Monroe|GA|Georgia|WALTON|Between|33.8176113|-83.8074003
Appling|GA|Georgia|COLUMBIA|Phinizy|33.54609000000001|-82.3163154
Cuthbert|GA|Georgia|RANDOLPH|Cuthbert|31.7712748|-84.7893658
Stone Mountain|GA|Georgia|DEKALB|St Mountain|33.8053189|-84.1455315
La Fayette|GA|Georgia|WALKER|Lafayette|34.7048022|-85.2818998
Atlanta|GA|Georgia|DEKALB|Emory University|33.7925195|-84.32399889999999
Waynesboro|GA|Georgia|BURKE|Waynesboro|33.0898731|-82.0156736
Winder|GA|Georgia|BARROW|Winder|33.9926097|-83.7201709
Rocky Ford|GA|Georgia|SCREVEN|Rocky Ford|32.6635006|-81.8295571
Stapleton|GA|Georgia|JEFFERSON|Stapleton|33.21570120000001|-82.4681823
Vidalia|GA|Georgia|TOOMBS|Charles|32.2168605|-82.4290833
Pavo|GA|Georgia|THOMAS|Pavo|30.959912|-83.73794579999999
Eastman|GA|Georgia|DODGE|Eastman|32.1976729|-83.1776514
Macon|GA|Georgia|BIBB|Geico Underwriting|32.809475|-83.5707144
Sylvania|GA|Georgia|SCREVEN|Sylvania|32.7504441|-81.636776
Lebanon|GA|Georgia|CHEROKEE|Lebanon|34.1428753|-84.50937479999999
Temple|GA|Georgia|CARROLL|Temple|33.7370514|-85.032445
Lake Park|GA|Georgia|LOWNDES|Lakepark|30.6846637|-83.1828732
Albany|GA|Georgia|DOUGHERTY|Bridgeboro|31.4015686|-83.9749021
Danielsville|GA|Georgia|MADISON|Danielsville|34.1242771|-83.2212629
Milner|GA|Georgia|LAMAR|Milner|33.1167891|-84.1965855
Harlem|GA|Georgia|COLUMBIA|Harlem|33.4145834|-82.3126237
Fort Oglethorpe|GA|Georgia|CATOOSA|Fort Oglethorpe|34.9489645|-85.2569
Hawkinsville|GA|Georgia|PULASKI|Hawkinsville|32.2837731|-83.4721177
Carrollton|GA|Georgia|CARROLL|Southwire|33.5668875|-85.07045269999999
Glenn|GA|Georgia|HEARD|Glenn|33.1542875|-85.2029991
Meldrim|GA|Georgia|EFFINGHAM|Meldrim|32.1432582|-81.3778902
Daisy|GA|Georgia|EVANS|Daisy|32.1518609|-81.8345588
Bolingbroke|GA|Georgia|MONROE|Bolingbroke|32.9471846|-83.80277439999999
Pinehurst|GA|Georgia|DOOLY|Pinehurst|32.1959971|-83.76295329999999
Augusta|GA|Georgia|COLUMBIA|Augusta|33.4734978|-82.0105148
Lakemont|GA|Georgia|RABUN|Lakemont|34.7820378|-83.4162755
Nicholson|GA|Georgia|JACKSON|Nicholson|34.1139993|-83.4315488
Elberton|GA|Georgia|ELBERT|Elberton|34.1112226|-82.8670839
Upatoi|GA|Georgia|MUSCOGEE|Upatoi|32.5483817|-84.7400195
Leslie|GA|Georgia|SUMTER|Leslie|31.9554475|-84.0865706
Cairo|GA|Georgia|GRADY|Cario|30.8774132|-84.2012897
Dahlonega|GA|Georgia|LUMPKIN|Dahlonega|34.5261465|-83.9843953
Nahunta|GA|Georgia|BRANTLEY|Lulaton|31.20439|-81.98122599999999
Mcdonough|GA|Georgia|HENRY|Mcdonough|33.4473361|-84.1468616
Gibson|GA|Georgia|GLASCOCK|Gibson|33.2334789|-82.5954083
Buford|GA|Georgia|GWINNETT|Buford|34.1206564|-84.0043513
Chestnut Mountain|GA|Georgia|HALL|Chestnut Mtn|34.1726039|-83.8379544
Lumber City|GA|Georgia|TELFAIR|Lumber City|31.9293488|-82.6795831
Talmo|GA|Georgia|JACKSON|Talmo|34.185106|-83.7207267
Columbus|GA|Georgia|MUSCOGEE|Beallwood|32.5039426|-84.97377660000001
Dallas|GA|Georgia|PAULDING|Dallas|33.9243678|-84.8404997
Carrollton|GA|Georgia|CARROLL|Carrollton|33.5801103|-85.0766113
Waverly|GA|Georgia|CAMDEN|Piney Bluff|31.018936|-81.542047
Oakfield|GA|Georgia|WORTH|Oakfield|31.775892|-83.9690064
Auburn|GA|Georgia|BARROW|Auburn|34.0137179|-83.8276759
Atlanta|GA|Georgia|FULTON|Logistics & Distribution Ctr|33.7108111|-84.5927957
Oconee|GA|Georgia|WASHINGTON|Oconee|33.8231988|-83.4430118
Tignall|GA|Georgia|WILKES|Danburg|33.8247691|-82.6911812
Holly Springs|GA|Georgia|CHEROKEE|Holly Springs|34.1739857|-84.5013187
Townsend|GA|Georgia|MCINTOSH|Shellman Bluff|31.5413343|-81.5230042
Millen|GA|Georgia|JENKINS|Birdsville|32.8040512|-81.9492812
Kennesaw|GA|Georgia|COBB|Kennesaw|34.0234337|-84.6154897
Lithia Springs|GA|Georgia|DOUGLAS|Lithia Springs|33.7939953|-84.6604899
Lumpkin|GA|Georgia|STEWART|Lumpkin|32.0509895|-84.7990901
Bethlehem|GA|Georgia|BARROW|Bethlehem|33.9320556|-83.7137827
Kennesaw|GA|Georgia|COBB|N Amercn Mbrshp Grp Brm|34.0234337|-84.6154897
Atlanta|GA|Georgia|COBB|Vinnings|33.8648262|-84.4643744
Adairsville|GA|Georgia|BARTOW|Adairsville|34.3687021|-84.9341093
Lavonia|GA|Georgia|FRANKLIN|Lavonia|34.4359361|-83.10681799999999
Atlanta|GA|Georgia|DEKALB|Atlanta|33.7489954|-84.3879824
Oxford|GA|Georgia|NEWTON|Oxford|33.6190031|-83.8674051
Tucker|GA|Georgia|DEKALB|Tucker|33.8545479|-84.2171424
Alma|GA|Georgia|BACON|Alma|31.5393701|-82.4623557
Sugar Valley|GA|Georgia|GORDON|Sugar Valley|34.5581407|-85.01188979999999
Nelson|GA|Georgia|CHEROKEE|Nelson|34.3820371|-84.37103479999999
Riceboro|GA|Georgia|LIBERTY|Jones|31.6990764|-81.4921253
Stone Mountain|GA|Georgia|DEKALB|Memorial Square|33.808299|-84.18429970000001
Louisville|GA|Georgia|JEFFERSON|Vidette|33.0376503|-82.2473452
Barney|GA|Georgia|BROOKS|Barney|31.008246|-83.5129405
Moody AFB|GA|Georgia|LOWNDES|Moody AFB|30.968611|-83.19305399999999
Toccoa|GA|Georgia|STEPHENS|Avalon|34.5020454|-83.1951567
Midville|GA|Georgia|BURKE|Green Way|33.9707586|-83.3786051
Canon|GA|Georgia|FRANKLIN|Canon|34.3462158|-83.1098717
Andersonville|GA|Georgia|SUMTER|Andersonville|32.1959947|-84.13990849999999
Roopville|GA|Georgia|CARROLL|Roopville|33.4565021|-85.1307779
Saint Simons Island|GA|Georgia|GLYNN|Saint Simons Island|31.1595905|-81.3885517
Watkinsville|GA|Georgia|OCONEE|Watkinsville|33.8628959|-83.4087708
Atlanta|GA|Georgia|DEKALB|Dunwoody|33.9462125|-84.3346473
Atlanta|GA|Georgia|DEKALB|Atl|33.6407282|-84.4277001
Hamilton|GA|Georgia|HARRIS|Hamilton|32.7579106|-84.87493110000001
Gray|GA|Georgia|JONES|Gray|33.0095802|-83.5337816
Nunez|GA|Georgia|EMANUEL|Nunez|32.4912785|-82.3470713
Midville|GA|Georgia|BURKE|Herndon|32.73213690000001|-82.1691596
Jesup|GA|Georgia|WAYNE|Gardi|31.5378025|-81.79999579999999
Forest Park|GA|Georgia|CLAYTON|Fort Gillem|33.6202063|-84.3288908
Lilly|GA|Georgia|DOOLY|Lilly|32.1471098|-83.8773999
Bishop|GA|Georgia|OCONEE|N High Shoals|33.8243969|-83.44313220000001
Quitman|GA|Georgia|BROOKS|Quitman|30.7849191|-83.5598811
Chauncey|GA|Georgia|DODGE|Chauncey|32.1046197|-83.0645928
Sharon|GA|Georgia|TALIAFERRO|Sharon|33.5598553|-82.7948629
Richmond Hill|GA|Georgia|BRYAN|Richmond Hill|31.9382652|-81.3034433
Boston|GA|Georgia|THOMAS|Boston|30.7923761|-83.7902058
Glennville|GA|Georgia|TATTNALL|Glennville|31.93659169999999|-81.92845009999999
Plainville|GA|Georgia|GORDON|Plainville|34.4050895|-85.03716829999999
Sparta|GA|Georgia|HANCOCK|Mayfield|33.2757006|-82.97625889999999
Millwood|GA|Georgia|WARE|Fairfax|31.2412087|-82.61714789999999
Hogansville|GA|Georgia|TROUP|Hogansville|33.1731769|-84.914936
Oakwood|GA|Georgia|HALL|Oakwood|34.227602|-83.8843455
Ellabell|GA|Georgia|BRYAN|Ellabell|32.1235367|-81.4856673
Duluth|GA|Georgia|FULTON|Duluth|34.0028786|-84.1446376
Ellenton|GA|Georgia|COLQUITT|Ellenton|31.1760205|-83.587389
Palmetto|GA|Georgia|FULTON|Chatt Hills|33.524412|-84.736085
Sasser|GA|Georgia|TERRELL|Sasser|31.7206503|-84.3463045
Sharpsburg|GA|Georgia|COWETA|Sharpsburg|33.3392842|-84.6485417
Jakin|GA|Georgia|EARLY|Jakin|31.0910162|-84.98214999999999
Waycross|GA|Georgia|WARE|Waycross|31.2135511|-82.3540178
Atlanta|GA|Georgia|FULTON|Georgia State University|33.753068|-84.38528190000001
Menlo|GA|Georgia|CHATTOOGA|Menlo|34.484808|-85.4763492
Lincolnton|GA|Georgia|LINCOLN|Maxim|33.7872928|-82.350343
Epworth|GA|Georgia|FANNIN|Epworth|34.9506365|-84.3849232
Ideal|GA|Georgia|MACON|Ideal|32.3695983|-84.1879675
Bronwood|GA|Georgia|TERRELL|Bronwood|31.8310001|-84.364358
Rentz|GA|Georgia|LAURENS|Rentz|32.383504|-82.99125649999999
Vidalia|GA|Georgia|TOOMBS|Center|32.2176855|-82.4134614
Atlanta|GA|Georgia|DEKALB|Druid Hills|33.7803832|-84.3360359
Hartsfield|GA|Georgia|COLQUITT|Hartville|31.21685069999999|-83.9760101
Newborn|GA|Georgia|NEWTON|Newborn|33.5170648|-83.6960096
Jersey|GA|Georgia|WALTON|Jersey|33.7156693|-83.79879009999999
Cobbtown|GA|Georgia|TATTNALL|Aline|32.2804623|-82.138731
Rome|GA|Georgia|FLOYD|Rome|34.257038|-85.1646726
Bishop|GA|Georgia|OCONEE|North High Shoals|33.8192864|-83.4387722
Parrott|GA|Georgia|TERRELL|Parrott|31.8934963|-84.51325
Ochlocknee|GA|Georgia|THOMAS|Ochlocknee|30.97379969999999|-84.0529518
Swainsboro|GA|Georgia|EMANUEL|Kemp|32.5434152|-82.41931230000002
Sardis|GA|Georgia|BURKE|Sardis|32.975157|-81.75761299999999
Meridian|GA|Georgia|MCINTOSH|Valona|31.45189|-81.3778777
Crescent|GA|Georgia|MCINTOSH|Crescent|31.5097127|-81.36933549999999
Oglethorpe|GA|Georgia|MACON|Oglethorpe|32.293769|-84.0610191
Columbus|GA|Georgia|MUSCOGEE|American Family Life Ins|32.538567|-84.958896
Buena Vista|GA|Georgia|MARION|Tazewell|32.3190398|-84.51714109999999
Townsend|GA|Georgia|MCINTOSH|Eulonia|31.5332762|-81.4270478
Soperton|GA|Georgia|TREUTLEN|Soperton|32.37711820000001|-82.5923554
Flovilla|GA|Georgia|BUTTS|Indian Springs|33.253734|-83.89851709999999
Valdosta|GA|Georgia|LOWNDES|Bemiss|30.9407361|-83.2378875
Millen|GA|Georgia|JENKINS|Millen|32.8040512|-81.9492812
Fairmount|GA|Georgia|GORDON|Fairmount|34.4362013|-84.69993459999999
Fayetteville|GA|Georgia|FAYETTE|Fayetteville|33.4487257|-84.4549262
Gough|GA|Georgia|BURKE|Gough|33.0918155|-82.2265113
Sautee Nacoochee|GA|Georgia|WHITE|Sautee|34.6845396|-83.6807322
Ludowici|GA|Georgia|LONG|Donald|31.707304|-81.74207919999999
Meridian|GA|Georgia|MCINTOSH|Carnigan|31.4343904|-81.3939894
Riceboro|GA|Georgia|LIBERTY|Riceboro|31.7354935|-81.4334408
Twin City|GA|Georgia|EMANUEL|Canoochee|32.5869016|-82.1512813
Mount Vernon|GA|Georgia|MONTGOMERY|Mount Vernon|32.1785145|-82.5945783
Canton|GA|Georgia|CHEROKEE|Holly Springs|34.1739857|-84.5013187
Waleska|GA|Georgia|CHEROKEE|Lake Arrowhead|34.3023355|-84.5968823
Alpharetta|GA|Georgia|FULTON|Johns Creek|34.0753762|-84.2940899
Norwood|GA|Georgia|WARREN|Norwood|33.4626371|-82.7051355
Vidalia|GA|Georgia|TOOMBS|Normantown|32.3062923|-82.3695709
Irwinville|GA|Georgia|IRWIN|Irwinville|31.6481984|-83.3828348
Powder Springs|GA|Georgia|COBB|Powder Spgs|33.8596829|-84.657172
Covington|GA|Georgia|NEWTON|Porterdale|33.5751146|-83.8937954
Waynesboro|GA|Georgia|BURKE|Munnerlyn|33.0908863|-82.0114711
Thomasville|GA|Georgia|THOMAS|Tville|30.8365337|-83.9797943
Sylvester|GA|Georgia|WORTH|Sylvester|31.5307349|-83.8354542
Lyons|GA|Georgia|TOOMBS|Santa Claus|32.1715776|-82.3315138
Cherry Log|GA|Georgia|GILMER|Cherry Log|34.7803619|-84.3907565
Ellenwood|GA|Georgia|DEKALB|Ellenwood|33.609725|-84.2873662
Walthourville|GA|Georgia|LIBERTY|Walthourville|31.7741016|-81.632612
Resaca|GA|Georgia|GORDON|Resaca|34.5803628|-84.9432765
Columbus|GA|Georgia|MUSCOGEE|Cols|32.4609764|-84.9877094
Barnesville|GA|Georgia|LAMAR|Barnesville|33.0545709|-84.15574950000001
Doerun|GA|Georgia|COLQUITT|Doerun|31.3196267|-83.9171221
Guyton|GA|Georgia|EFFINGHAM|Marlow|32.3421597|-81.3921781
Damascus|GA|Georgia|EARLY|Damascus|31.2990682|-84.7188077
Augusta|GA|Georgia|RICHMOND|Railroad Retirement Board|37.7201606|-97.2257017
Louisville|GA|Georgia|JEFFERSON|Rosier|32.9779618|-82.24083259999999
Tennille|GA|Georgia|WASHINGTON|Tennille|32.9359886|-82.8115273
Kathleen|GA|Georgia|HOUSTON|Kathleen|32.4959812|-83.607683
Smarr|GA|Georgia|MONROE|Smarr|32.9854111|-83.8821292
Jesup|GA|Georgia|WAYNE|Jesup|31.6074365|-81.8853924
Fleming|GA|Georgia|LIBERTY|Fleming|31.8807663|-81.42649899999999
Baldwin|GA|Georgia|BANKS|Baldwin|34.4917665|-83.5373946
North Metro|GA|Georgia|GWINNETT|North Metro|33.9809214|-84.1525317
Port Wentworth|GA|Georgia|CHATHAM|Port Wentworth|32.149092|-81.163168
Atlanta|GA|Georgia|FULTON|Georgia Power|33.7770245|-84.4147425
Brunswick|GA|Georgia|GLYNN|Sterling|31.2724496|-81.56149359999999
Warner Robins|GA|Georgia|HOUSTON|Robins Air Force Base|32.6400014|-83.591719
Cassville|GA|Georgia|BARTOW|Cassville|34.2448172|-84.85216199999999
Talking Rock|GA|Georgia|PICKENS|White Stone|34.5092562|-84.5049279
Morven|GA|Georgia|BROOKS|Morven|30.9415814|-83.4993276
Tallapoosa|GA|Georgia|HARALSON|Tallapoosa|33.7445499|-85.2880077
Comer|GA|Georgia|MADISON|Comer|34.0637227|-83.1254261
Lyons|GA|Georgia|TOOMBS|Ohoopee|32.2043546|-82.32179099999999
Lovejoy|GA|Georgia|CLAYTON|Lovejoy|33.4362245|-84.3143675
Atlanta|GA|Georgia|FULTON|Att Bellsouth|33.8256058|-84.364576
Brooklet|GA|Georgia|BULLOCH|Akin|32.37962940000001|-81.6631659
Jacksonville|GA|Georgia|TELFAIR|Jacksonville|31.8126838|-82.97903579999999
Homerville|GA|Georgia|CLINCH|Homerville|31.0365983|-82.74708489999999
Conley|GA|Georgia|CLAYTON|Conley|33.6418635|-84.3357992
Atlanta|GA|Georgia|FULTON|Ft Mcpherson|33.7077085|-84.4356468
Mineral Bluff|GA|Georgia|FANNIN|Mineral Bluff|34.9145561|-84.2768849
Marietta|GA|Georgia|COBB|Dobbins AFB|33.9188582|-84.50464509999999
Pine Mountain|GA|Georgia|HARRIS|Pine Mountain|32.8648522|-84.8540982
Atlanta|GA|Georgia|FULTON|Lenox Square Finance|33.8475478|-84.36433360000001
Atlanta|GA|Georgia|COBB|Sandy Spgs|33.9304352|-84.3733147
Bonaire|GA|Georgia|HOUSTON|Bonaire|32.5437575|-83.5960161
Luthersville|GA|Georgia|MERIWETHER|Luthersville|33.2101205|-84.7443765
Nicholls|GA|Georgia|COFFEE|Beach|31.5174219|-82.63486019999999
Williamson|GA|Georgia|PIKE|Williamson|33.1823419|-84.3615902
Moody AFB|GA|Georgia|LOWNDES|Moody Air Force Base|30.968611|-83.19305399999999
Nahunta|GA|Georgia|BRANTLEY|Raybon|31.2719274|-81.9368389
Harlem|GA|Georgia|COLUMBIA|Pumpkin Center|33.4806264|-82.3150464
Blythe|GA|Georgia|RICHMOND|Blythe|33.2979349|-82.2062749
Valdosta|GA|Georgia|LOWNDES|Valdosta|30.8327022|-83.2784851
Bremen|GA|Georgia|HARALSON|Bremen|33.7212179|-85.1455036
Gainesville|GA|Georgia|HALL|Westside|34.2849888|-83.8409563
Meansville|GA|Georgia|PIKE|Meansville|33.0492923|-84.3068648
Metter|GA|Georgia|CANDLER|Excelsior|32.3952068|-82.0427203
Clarkston|GA|Georgia|DEKALB|Clarkston|33.8095487|-84.23964339999999
Trion|GA|Georgia|CHATTOOGA|Trion|34.5439735|-85.31051110000001
Covington|GA|Georgia|NEWTON|Covington|33.5967815|-83.8601827
Ellaville|GA|Georgia|SCHLEY|Ellaville|32.2382139|-84.30907979999999
Kingston|GA|Georgia|BARTOW|Euharlee|34.237039|-84.94410979999999
Macon|GA|Georgia|BIBB|Macon|32.8406946|-83.6324022
Appling|GA|Georgia|COLUMBIA|Appling|33.54609000000001|-82.3163154
Swainsboro|GA|Georgia|EMANUEL|Summertown|32.7459918|-82.2762358
Bainbridge|GA|Georgia|DECATUR|Bdge|30.8918492|-84.5798125
Byron|GA|Georgia|PEACH|Bryon|32.6537561|-83.7596295
Crawford|GA|Georgia|OGLETHORPE|Crawford|33.8828954|-83.154596
Oglethorpe|GA|Georgia|MACON|Ogelthorpe|32.293769|-84.0610191
Varnell|GA|Georgia|WHITFIELD|Varnell|34.9011886|-84.9738349
Cairo|GA|Georgia|GRADY|Cairo|30.8774132|-84.2012897
Oglethorpe|GA|Georgia|MACON|Olgethorpe|32.293769|-84.0610191
Stillmore|GA|Georgia|EMANUEL|Stillmore|32.442115|-82.21512330000002
Uvalda|GA|Georgia|MONTGOMERY|Uvalda|32.0357429|-82.50818679999999
Swainsboro|GA|Georgia|EMANUEL|Lexsy|32.4779753|-82.3165133
Hinesville|GA|Georgia|LIBERTY|Ft Stewart|31.8690667|-81.6089873
Mershon|GA|Georgia|PIERCE|Mershon|31.4641009|-82.25734609999999
Sparta|GA|Georgia|HANCOCK|Sparta|33.2757006|-82.97625889999999
Siloam|GA|Georgia|GREENE|Siloam|33.5367968|-83.0809864
Rocky Face|GA|Georgia|WHITFIELD|Rocky Face|34.805079|-85.02744709999999
Graysville|GA|Georgia|CATOOSA|Graysville|34.9833978|-85.1481234
Savannah|GA|Georgia|CHATHAM|Hunter Army Air Field|32.0257862|-81.13297779999999
Swainsboro|GA|Georgia|EMANUEL|Covena|32.5973856|-82.33373759999999
Macon|GA|Georgia|BIBB|Mercer University|32.8288186|-83.64977689999999
Rupert|GA|Georgia|TAYLOR|Rupert|32.4404274|-84.279915
Junction City|GA|Georgia|TALBOT|Junction City|32.6034735|-84.4593646
Jeffersonville|GA|Georgia|TWIGGS|Jeffersonville|32.687646|-83.3465561
Greensboro|GA|Georgia|GREENE|Greensboro|33.5756831|-83.18237890000002
Hampton|GA|Georgia|HENRY|Hampton|33.3870578|-84.2829784
Culloden|GA|Georgia|MONROE|Culloden|32.86319050000001|-84.0938017
Gay|GA|Georgia|MERIWETHER|Gay|33.0937361|-84.57381509999999
Mountain City|GA|Georgia|RABUN|Mountain City|34.9181473|-83.38543589999999
Brunswick|GA|Georgia|GLYNN|Altama|31.1959834|-81.4851961
Fitzgerald|GA|Georgia|BEN HILL|Fitzgerald|31.7149082|-83.25265449999999
Brooklet|GA|Georgia|BULLOCH|Denmark|32.3797263|-81.6642044
Peachtree City|GA|Georgia|FAYETTE|Fayetteville|33.4487257|-84.4549262
Guyton|GA|Georgia|EFFINGHAM|Guyton|32.3421597|-81.3921781
Forest Park|GA|Georgia|CLAYTON|Forest|33.6220542|-84.36909179999999
Brunswick|GA|Georgia|GLYNN|Thalman|31.27371359999999|-81.6555103
Red Oak|GA|Georgia|FULTON|Red Oak|33.613011|-84.4999265
Atlanta|GA|Georgia|FULTON|Newgistics|33.593707|-84.50180300000001
Port Wentworth|GA|Georgia|CHATHAM|Savannah|32.149092|-81.163168
Macon|GA|Georgia|BIBB|Macon Brm|32.8406946|-83.6324022
Crandall|GA|Georgia|MURRAY|Crandall|34.8667459|-84.7454939
Douglas|GA|Georgia|COFFEE|Douglas|31.5088073|-82.8498654
Dillard|GA|Georgia|RABUN|Sky Valley|34.9875902|-83.33321029999999
Augusta|GA|Georgia|RICHMOND|Augusta|33.4734978|-82.0105148
Scottdale|GA|Georgia|DEKALB|Scottdale|33.7898269|-84.26408889999999
Lexington|GA|Georgia|OGLETHORPE|Lexington|33.8698404|-83.111817
Buford|GA|Georgia|GWINNETT|Sugar Hill|34.1064895|-84.0335197
Mystic|GA|Georgia|IRWIN|Mystic|31.6221314|-83.3357132
Shellman|GA|Georgia|RANDOLPH|Shellman|31.7562765|-84.6151965
Suwanee|GA|Georgia|GWINNETT|Johns Creek|34.0514898|-84.0712997
Bowdon Junction|GA|Georgia|CARROLL|Bowdon Jct|33.6466038|-85.1620968
Dexter|GA|Georgia|LAURENS|Dexter|32.4323909|-83.0612596
Lake Park|GA|Georgia|LOWNDES|Lake Park|30.6846637|-83.1828732
Homerville|GA|Georgia|CLINCH|Cogdell|31.0365983|-82.74708489999999
Fowlstown|GA|Georgia|DECATUR|Fowlstown|30.8026909|-84.5471354
Meigs|GA|Georgia|THOMAS|Meigs|31.0724085|-84.0890659
Felton|GA|Georgia|HARALSON|Felton|33.8881586|-85.2235618
East Dublin|GA|Georgia|LAURENS|East Dublin|32.548222|-82.87180839999999
Atlanta|GA|Georgia|DEKALB|Sandy Springs|33.9304352|-84.3733147
Kingston|GA|Georgia|BARTOW|Kingston|34.237039|-84.94410979999999
Rydal|GA|Georgia|BARTOW|Rydal|34.3353707|-84.71549069999999
East Ellijay|GA|Georgia|GILMER|East Ellijay|34.6839746|-84.4727049
Nicholls|GA|Georgia|COFFEE|Bickley|31.4300278|-82.6085236
Cave Spring|GA|Georgia|FLOYD|Cave Spring|34.1075975|-85.33634339999999
Hiawassee|GA|Georgia|TOWNS|Hiawassee|34.9492586|-83.7573948
Moultrie|GA|Georgia|COLQUITT|Moultrie Municipal Airport|31.0853077|-83.8049755
Lindale|GA|Georgia|FLOYD|Lindale|34.1867623|-85.1746725
Greenville|GA|Georgia|MERIWETHER|Stovall|33.021775|-84.72568559999999
Climax|GA|Georgia|DECATUR|Climax|30.8760231|-84.4312983
Armuchee|GA|Georgia|FLOYD|Armuchee|34.3889785|-85.1818955
Lincolnton|GA|Georgia|LINCOLN|Leathersville|33.7424333|-82.4495821
Port Wentworth|GA|Georgia|CHATHAM|Prt Wentworth|32.149092|-81.163168
Conyers|GA|Georgia|ROCKDALE|Conyers|33.6676103|-84.01769039999999
Lagrange|GA|Georgia|TROUP|Mountville|33.0429466|-85.0145318
Marietta|GA|Georgia|COBB|Mreta|33.9140801|-84.4660301
Springfield|GA|Georgia|EFFINGHAM|Springfield|32.3642241|-81.30418
Townsend|GA|Georgia|MCINTOSH|Townsend|31.5413343|-81.5230042
Waverly|GA|Georgia|CAMDEN|Waverly|31.0947092|-81.7245535
Kings Bay|GA|Georgia|CAMDEN|Kings Bay|30.801543|-81.5623849
Gillsville|GA|Georgia|HALL|Gillsville|34.3078817|-83.6335036
Experiment|GA|Georgia|SPALDING|Experiment|33.278776|-84.2752831
Thomasville|GA|Georgia|THOMAS|Metcalf|30.8365815|-83.9787808
Atlanta|GA|Georgia|FULTON|Lenox Sq Finance|33.8475787|-84.3631513
Savannah|GA|Georgia|CHATHAM|Wilmington Island|32.0035477|-80.97372299999999
West Point|GA|Georgia|TROUP|West Point|32.8779056|-85.18327459999999
Blue Ridge|GA|Georgia|FANNIN|Blue Ridge|34.8639719|-84.32408699999999
Commerce|GA|Georgia|JACKSON|Commerce|34.203997|-83.4571057
Tyrone|GA|Georgia|FAYETTE|Tyrone|33.4712253|-84.5971524
Flowery Branch|GA|Georgia|HALL|Flowery Br|34.1764294|-83.9115234
Talbotton|GA|Georgia|TALBOT|Talbotton|32.6776372|-84.5393664
Louisville|GA|Georgia|JEFFERSON|Grange|33.050947|-82.521113
Macon|GA|Georgia|BIBB|Usps Official Mail|32.8371548|-83.62546069999999
Knoxville|GA|Georgia|CRAWFORD|Knoxville|32.7243072|-83.9976875
Weston|GA|Georgia|WEBSTER|Weston|31.9759931|-84.6149186
Box Springs|GA|Georgia|TALBOT|Box Springs|32.5326403|-84.6610372
Senoia|GA|Georgia|COWETA|Senoia|33.3023411|-84.5538165
Fort Benning|GA|Georgia|MUSCOGEE|Columbus|32.3912672|-84.82290739999999
Bartow|GA|Georgia|JEFFERSON|Bartow|32.8787666|-82.4737399
Funston|GA|Georgia|COLQUITT|Funston|31.1999071|-83.8735088
Tate|GA|Georgia|PICKENS|Tate|34.4184253|-84.38270159999999
Atlanta|GA|Georgia|DEKALB|Embry Hls|33.8791441|-84.25533329999999
Cleveland|GA|Georgia|WHITE|Cleveland|34.5931601|-83.7632095
Claxton|GA|Georgia|EVANS|Claxton|32.1615814|-81.9040047
Matthews|GA|Georgia|JEFFERSON|Noah|33.2202025|-82.27581239999999
Albany|GA|Georgia|DOUGHERTY|Albany|31.5785074|-84.15574099999999
Mableton|GA|Georgia|COBB|Mableton|33.8187167|-84.5824329
Dalton|GA|Georgia|WHITFIELD|Dalton|34.7698021|-84.9702228
Allentown|GA|Georgia|WILKINSON|Allentown|32.5932119|-83.2257127
Duluth|GA|Georgia|FULTON|State Farm Insurance Co|34.0019355|-84.1457895
Augusta|GA|Georgia|RICHMOND|Ft Gordon|33.420972|-82.1620645
Blackshear|GA|Georgia|PIERCE|Jot Em Down Store|31.3019725|-82.24562399999999
Kennesaw|GA|Georgia|COBB|Barrett Parkway|33.9948017|-84.5950761
Saint George|GA|Georgia|CHARLTON|Saint George|30.5210686|-82.03761349999999
Bostwick|GA|Georgia|MORGAN|Bostwick|33.7373442|-83.5143312
Vienna|GA|Georgia|DOOLY|Vienna|32.0905286|-83.79757839999999
Sunny Side|GA|Georgia|SPALDING|Sunny Side|33.3406695|-84.2907566
Powder Springs|GA|Georgia|COBB|Powder Springs|33.8595491|-84.683824
Chickamauga|GA|Georgia|WALKER|Chickamauga|34.8711879|-85.2907896
Norwood|GA|Georgia|WARREN|Barnett|33.5070378|-82.8075771
Atlanta|GA|Georgia|DEKALB|North Atlanta|33.8651033|-84.3365917
Pine Lake|GA|Georgia|DEKALB|Pine Lake|33.7937162|-84.2060309
Kennesaw|GA|Georgia|COBB|Namg|34.0234337|-84.6154897
Byromville|GA|Georgia|DOOLY|Byromville|32.2021071|-83.9085132
Folkston|GA|Georgia|CHARLTON|Homeland|30.8560651|-82.02094919999999
Gibson|GA|Georgia|GLASCOCK|Edge Hill|33.1834447|-82.5622472
Aragon|GA|Georgia|POLK|Aragon|34.0456549|-85.0560579
Eden|GA|Georgia|EFFINGHAM|Eden|32.173813|-81.3906678
Lithonia|GA|Georgia|DEKALB|Lithonia|33.7123305|-84.1051939
Arnoldsville|GA|Georgia|OGLETHORPE|Arnoldsville|33.9051167|-83.21681989999999
Thomasville|GA|Georgia|THOMAS|Thomasville|30.8365815|-83.9787808
Mount Airy|GA|Georgia|HABERSHAM|Mount Airy|34.5187106|-83.5007265
Hephzibah|GA|Georgia|RICHMOND|Hephzibah|33.3140311|-82.0967857
Tennga|GA|Georgia|MURRAY|Tennga|34.9867435|-84.7385496
Decatur|GA|Georgia|DEKALB|Vista Grove|33.8254849|-84.28992450000001
Nahunta|GA|Georgia|BRANTLEY|Nahunta|31.20439|-81.98122599999999
Norcross|GA|Georgia|GWINNETT|Rockbridge|33.8895772|-84.17565220000002
Millen|GA|Georgia|JENKINS|Emmalane|32.8040512|-81.9492812
Augusta|GA|Georgia|RICHMOND|Fort Gordon|33.420972|-82.1620645
Martin|GA|Georgia|STEPHENS|Avalon|34.4846048|-83.2198061
Ludowici|GA|Georgia|LONG|Elim|31.7079919|-81.7423357
Lilburn|GA|Georgia|GWINNETT|Lilburn|33.8901036|-84.14297189999999
Shady Dale|GA|Georgia|JASPER|Kelly|33.4016102|-83.61853719999999
Wildwood|GA|Georgia|DADE|Wildwood|34.9634096|-85.4110711
Millen|GA|Georgia|JENKINS|Butts|32.8040512|-81.9492812
Bristol|GA|Georgia|PIERCE|Bristol|31.4485465|-82.21456649999999
Duluth|GA|Georgia|GWINNETT|Primerica Financial Services|33.9978887|-84.13923779999999
Hillsboro|GA|Georgia|JASPER|Hillsboro|33.1798525|-83.6410056
Smithville|GA|Georgia|LEE|Smithville|31.9004451|-84.2518549
Franklin|GA|Georgia|HEARD|Centralhatchee|33.3690045|-85.103554
The Rock|GA|Georgia|UPSON|The Rock|32.9638895|-84.241153
Toccoa Falls|GA|Georgia|STEPHENS|Toccoa Falls|34.5962723|-83.3598841
Atlanta|GA|Georgia|DEKALB|Perimeter Center Finance|33.9258773|-84.33658
Calvary|GA|Georgia|GRADY|Calvary|30.7268608|-84.3496275
Appling|GA|Georgia|COLUMBIA|Leah|33.54609000000001|-82.3163154
Bowman|GA|Georgia|ELBERT|Bowman|34.2048295|-83.0307002
Calhoun|GA|Georgia|GORDON|Calhoun|34.502587|-84.9510542
Sargent|GA|Georgia|COWETA|Sargent|33.4323367|-84.8693818
Tiger|GA|Georgia|RABUN|Tiger|34.8470372|-83.4329398
Collins|GA|Georgia|TATTNALL|Collins|32.1813013|-82.1090083
Americus|GA|Georgia|SUMTER|Americus|32.0723861|-84.23268759999999
Marietta|GA|Georgia|COBB|Atlanta Naval Air Station|33.927878|-84.519196
Newnan|GA|Georgia|COWETA|Shenandoah|33.3853872|-84.7376067
Baxley|GA|Georgia|APPLING|Graham|31.7688995|-82.35683399999999
Midville|GA|Georgia|BURKE|Colemans Lake|32.8190456|-82.2348455
Swainsboro|GA|Georgia|EMANUEL|Oak Park|32.4052471|-82.304333
Suches|GA|Georgia|UNION|Suches|34.6889792|-84.0221356
Morgan|GA|Georgia|CALHOUN|Morgan|31.5376731|-84.5993601
Swainsboro|GA|Georgia|EMANUEL|Blundale|32.5973856|-82.33373759999999
Mc Rae|GA|Georgia|TELFAIR|Mc Rae|32.0679541|-82.9006993
Warwick|GA|Georgia|WORTH|Warwick|31.8310072|-83.9187886
Bowersville|GA|Georgia|HART|Bowersville|34.3728819|-83.0826491
Hartsfield|GA|Georgia|COLQUITT|Hartsfield|31.21685069999999|-83.9760101
Coolidge|GA|Georgia|THOMAS|Coolidge|31.0112991|-83.86628209999999
Atlanta|GA|Georgia|FULTON|Little Five Points Pstl Str|33.7643869|-84.34960400000001
Winterville|GA|Georgia|CLARKE|Winterville|33.9670589|-83.2782101
Vidalia|GA|Georgia|TOOMBS|Kibbee|32.28768|-82.52513200000001
Dixie|GA|Georgia|BROOKS|Dixie|30.7835292|-83.6665503
Sale City|GA|Georgia|MITCHELL|Sale City|31.2643494|-84.0212897
Warrenton|GA|Georgia|WARREN|Warrenton|33.40708370000001|-82.6620781
Lincolnton|GA|Georgia|LINCOLN|Agnes|33.7923477|-82.479018
